Source,Target,Type
LordRiehl,AbyssCreations,Directed
JulioSilvaJr,guidaautonoma,Directed
WIOMAX_MD,MarexSolutions,Directed
LordRiehl,AbyssCreations,Directed
Masssoud,SpirosMargaris,Directed
Jadirectivestwt,reinforcelabtwt,Directed
OOOSergenio,singularity_net,Directed
FabienBrodie,IainLJBrown,Directed
JulioSilvaJr,iMariaJohnsen,Directed
Jadirectivestwt,ahmedjr_16,Directed
fernandocuenca,ahmedjr_16,Directed
nazkong,singularity_net,Directed
JulioSilvaJr,MikeQuindazzi,Directed
JulioSilvaJr,iMariaJohnsen,Directed
JulioSilvaJr,rajat_shrimal,Directed
BHSfpathways,mywowscotland,Directed
chan_zagorskas,emawware,Directed
JulioSilvaJr,SpirosMargaris,Directed
Jadirectivestwt,ahmedjr_16,Directed
JulioSilvaJr,Ronald_vanLoon,Directed
Jadirectivestwt,ahmedjr_16,Directed
Mada_GD,Ronald_vanLoon,Directed
Jadirectivestwt,ahmedjr_16,Directed
AI_Mentors,MktgSciences,Directed
fernandocuenca,ahmedjr_16,Directed
JulioSilvaJr,mjcavaretta,Directed
Jadirectivestwt,ahmedjr_16,Directed
Mada_GD,MikeQuindazzi,Directed
JulioSilvaJr,TheMegaTrends,Directed
48Diman369,AitheonOfficial,Directed
JulioSilvaJr,TopCyberNews,Directed
Mada_GD,andi_staub,Directed
fernandocuenca,andi_staub,Directed
itknowingness,devnullius,Directed
sajidmirza,ProductiveSys,Directed
JulioSilvaJr,MikeQuindazzi,Directed
ryancbriggs,appliedAIbook,Directed
mskohli,Gartner_inc,Directed
DNBRS117,singularity_net,Directed
Calcaware,AI_Mentors,Directed
Calcaware,ahmedjr_16,Directed
mixo72,chboursin,Directed
fernandocuenca,chboursin,Directed
LordRiehl,AbyssCreations,Directed
JulioSilvaJr,SaleMove,Directed
sajidmirza,ProductiveSys,Directed
fernandocuenca,ProductiveSys,Directed
Mada_GD,ipfconline1,Directed
hicriyasak,bonzaiengineers,Directed
JulioSilvaJr,terminus7ai,Directed
Jadirectivestwt,ileadgen,Directed
gabyesquincaf,jblefevre60,Directed
JulioSilvaJr,mvasey,Directed
NewsFeedDE,TopCyberNews,Directed
sectest9,Findout_Ltd,Directed
aalyaqoot,MikeQuindazzi,Directed
JulioSilvaJr,alexraffanyc,Directed
StrategyFintech,ipfconline1,Directed
v1p_uweterodene,VectorZilla,Directed
StrategyFintech,WKerner,Directed
StrategyFintech,EmmanuelAnique,Directed
JulioSilvaJr,salemoveyoon,Directed
LukasScheepers,MikeQuindazzi,Directed
Mada_GD,pierrepinna,Directed
sreekotnur,HaroldSinnott,Directed
SPEAKUPJULIA,Ruby74698396,Directed
Mada_GD,DeepLearn007,Directed
Mada_GD,kuriharan,Directed
Tsundu_Mak,andreacoslovich,Directed
z2duqOb3i6eJzMO,ipfconline1,Directed
nadyusha_iliche,ArbidexToken,Directed
AccBiking,wiomax,Directed
maishamazingira,antgrasso,Directed
syedkami70,Fisher85M,Directed
energysaver4460,AitheonOfficial,Directed
z2duqOb3i6eJzMO,ipfconline1,Directed
z2duqOb3i6eJzMO,ipfconline1,Directed
fernandocuenca,ipfconline1,Directed
ReeseSpenser,charlielevin,Directed
ukiuktfoei975,emawware,Directed
RheanneLaybourn,acmedsci,Directed
Jmathias66,DiploTom,Directed
Jadirectivestwt,reinforcelabtwt,Directed
chandu1k,appesha,Directed
lightfuling,KeplerTek,Directed
fernandocuenca,appesha,Directed
Jadirectivestwt,ahmedjr_16,Directed
z2duqOb3i6eJzMO,ipfconline1,Directed
KalliasX,charlielevin,Directed
TVSNext,DavidJBryden,Directed
z2duqOb3i6eJzMO,ipfconline1,Directed
TVSNext,Carsten_U,Directed
TVSNext,salemoveyoon,Directed
TVSNext,alexraffanyc,Directed
TVSNext,SaleMove,Directed
TVSNext,Pedro_Data_Sci,Directed
margin_expert,MPBorman,Directed
smartcityfeed,guidaautonoma,Directed
Py_FeS2,evankirstel,Directed
AAlShafiy,omeroymak,Directed
energycoin,TechCheckNN,Directed
energycoin,guidaautonoma,Directed
LrTrivi,dwnews,Directed
Itshelenavixen,Fisher85M,Directed
AHurtadoZ,ipfconline1,Directed
SocializerHub,Carsten_U,Directed
MariaVikon,skychainglobal,Directed
77NinjasDMkt,rajat_shrimal,Directed
MariaVikon,skychainglobal,Directed
pmedina,dwnews,Directed
WIOMAX_VA,AIBizDir,Directed
RenCuadra,strategyand,Directed
ThancmarFeldt,IainLJBrown,Directed
resilient_ent,TheGIIM,Directed
SecondHandMaMa1,kaleidoscopeT0,Directed
aoteh,jblefevre60,Directed
BahrainEmbFR,bahrainedb,Directed
cryptomedical,PlazaSystems,Directed
MlGHTYMIKE,Socialfave_Bra,Directed
Waltika,charlielevin,Directed
RogerPascal,bahrainedb,Directed
maishamazingira,Fisher85M,Directed
trickyboy2729,KeplerTek,Directed
RitukarVJ,roboticssystemz,Directed
kingofpayments,DavidJBryden,Directed
Fraud_Analytics,MktgSciences,Directed
jacky_038,pierrepinna,Directed
johnjmcmonagle,KenYSEF,Directed
natarpr,natarpr,Directed
JPPDurban,aransayM,Directed
syedkami70,ValaAfshar,Directed
alecpett,MedGizmo,Directed
jackyeclayton,jblefevre60,Directed
psb_dc,jblefevre60,Directed
jackyeclayton,MarexSolutions,Directed
jackyeclayton,TheGIIM,Directed
JohnSnowai,EmmanuelAnique,Directed
Analytics_HQ,MktgSciences,Directed
ChrisThiry,ahmedjr_16,Directed
sandrinea,ipfconline1,Directed
ShahidisAuthor,granvilleDSC,Directed
Generation5g,JimMarous,Directed
maishamazingira,SpirosMargaris,Directed
RBTewksbury,DanielBurrus,Directed
Margo25893202,erikbryn,Directed
MasdukiBadri,skychainglobal,Directed
aoteh,jblefevre60,Directed
maishamazingira,guzmand,Directed
dykupyl,Crypticsup,Directed
iHwoHerAuoY,Socialfave_ESP,Directed
MarcoPark21,IainLJBrown,Directed
LarrisMarco,_DALECOIN,Directed
MasdukiBadri,skychainglobal,Directed
DiegoKuonen,mjcavaretta,Directed
MasdukiBadri,skychainglobal,Directed
maishamazingira,MarshaCollier,Directed
MasdukiBadri,skychainglobal,Directed
TopCyberNews,MikeQuindazzi,Directed
syedkami70,andi_staub,Directed
taylerallen6,rajat_shrimal,Directed
MasdukiBadri,skychainglobal,Directed
kittylvr820,BellaMagnani,Directed
LaPoste3m,chboursin,Directed
fernandocuenca,chboursin,Directed
olga_petrik1204,AitheonOfficial,Directed
Sufiy,TechCheckNN,Directed
DBaker007,ipfconline1,Directed
baxter204,NewMediaMB,Directed
enjointRu,daneelproject,Directed
CryptoMoney5,obizcoin,Directed
CryptoMoney5,obizcoin,Directed
CryptoMoney5,obizcoin,Directed
WechslerMallory,IainLJBrown,Directed
akdm_bot,IoTRecruiting,Directed
OlgaDiuzheva,skychainglobal,Directed
ashleymorris182,emawware,Directed
dpvishwakarma,IoTRecruiting,Directed
TimPatAlPostma,omeroymak,Directed
CryptoMoney5,obizcoin,Directed
maishamazingira,Ronald_vanLoon,Directed
CryptoMoney5,obizcoin,Directed
granenkoi,skychainglobal,Directed
shanebrighton,DavidLinthicum,Directed
CryptoMoney5,obizcoin,Directed
DianeKazarian,SpirosMargaris,Directed
Calcaware,IoTRecruiting,Directed
IoT_Technojeder,ahmedjr_16,Directed
HeinzVHoenen,MikeQuindazzi,Directed
CryptoMoney5,obizcoin,Directed
z2duqOb3i6eJzMO,Ronald_vanLoon,Directed
accmobility,xfxie,Directed
yoderj46,evankirstel,Directed
WishLeadRohini,BenGreenbergNYC,Directed
LynnetteKTaylor,MikeQuindazzi,Directed
aldoceccarelli,kuriharan,Directed
KristiAlvarad0,IainLJBrown,Directed
dykupyl,Crypticsup,Directed
syedkami70,chboursin,Directed
Natali_smirno,rateico,Directed
pk_elahi,skychainglobal,Directed
aldoceccarelli,ipfconline1,Directed
partageleen,CharlotdeMan,Directed
partageleen,CharlotdeMan,Directed
BlueCornerCreas,charlielevin,Directed
Analytics_Edge,MktgSciences,Directed
itknowingness,Analytics_Edge,Directed
anzhela_volk,GraphGrail,Directed
partageleen,CharlotdeMan,Directed
akntov,Nbombourg,Directed
yoderj46,TamaraMcCleary,Directed
AtheistEngineer,ai_ezine,Directed
fernandocuenca,TamaraMcCleary,Directed
jhdez32,rajat_shrimal,Directed
krishworlds,dwnews,Directed
Tsundu_Mak,charganack,Directed
TopCyberNews,TopCyberNews,Directed
WendellGMilesMD,ZGJR,Directed
ADRIANDOMAINAME,ADRIANDOMAINAME,Directed
z2duqOb3i6eJzMO,ipfconline1,Directed
fernandocuenca,ipfconline1,Directed
Waltika,Philipovitch,Directed
GamerGeekNews,yseopAI,Directed
GamerGeekNews,dj_shaily,Directed
kenander180,MPL_INFO,Directed
taylerallen6,rajat_shrimal,Directed
Javier_Ramos,Ronald_vanLoon,Directed
DanielDiemers,ImMBM,Directed
JohnSnowai,NIRAV_88,Directed
DoctorNeural,MedGizmo,Directed
LenovoDCG,LenovoDC,Directed
CakemanTwit,AINewsFeed,Directed
m_panidepu,granvilleDSC,Directed
fernandocuenca,granvilleDSC,Directed
subhobrata1,pierrepinna,Directed
El_Retuiteador2,FundacionICIL,Directed
subhobrata1,DeepLearn007,Directed
jrobertson,rajat_shrimal,Directed
ALIAKBA42799239,AitheonOfficial,Directed
cryptotto,PlazaSystems,Directed
BlockchainAge,TopCyberNews,Directed
MBkyDEk5itWxLBu,skychainglobal,Directed
neznaica1984,rateico,Directed
WaterPond,IoTRecruiting,Directed
future_vis,MedGizmo,Directed
z2duqOb3i6eJzMO,Fisher85M,Directed
subhobrata1,Treyebo360,Directed
taylerallen6,rajat_shrimal,Directed
jacky_038,MikeQuindazzi,Directed
z2duqOb3i6eJzMO,Fisher85M,Directed
SingularityN,singularity_net,Directed
m_panidepu,granvilleDSC,Directed
ecoinf_aeet,waq0r,Directed
fernandocuenca,granvilleDSC,Directed
AfinasUpdate,2morrowknight,Directed
THUotila,MikeQuindazzi,Directed
Maxime_Heinrich,PwC_France,Directed
jacky_038,ipfconline1,Directed
KarolynCavanah,IainLJBrown,Directed
chip_trenckmann,dwnews,Directed
StrategyFintech,NIRAV_88,Directed
MarkusWaldorff,Socialfave_Bra,Directed
m_panidepu,granvilleDSC,Directed
fernandocuenca,granvilleDSC,Directed
Stephencgill,TechCheckNN,Directed
BRULELaurent54,VladoBotsvadze,Directed
fernandocuenca,VladoBotsvadze,Directed
CryptPlanet,AitheonOfficial,Directed
webanna,Nasdaq,Directed
ankitnarayan1,Vilynx,Directed
JonathanJBailey,DeepLearn007,Directed
FabienBrodie,IainLJBrown,Directed
HinduNatl,roboticssystemz,Directed
MaryNova8,daneelproject,Directed
wizardor,omeroymak,Directed
HinduNatl,roboticssystemz,Directed
vr_diod,HThapps,Directed
hortenciabanko8,emawware,Directed
Genetic_kn,MedGizmo,Directed
EugeneOskin,gp_pulipaka,Directed
fernandocuenca,gp_pulipaka,Directed
TwitItalianWine,startup_italia,Directed
pdrini_guardian,iMariaJohnsen,Directed
bolvanam,daneelproject,Directed
TechnoJeder,ovrdrv,Directed
ParisMahavira,IainLJBrown,Directed
_N_O_X_Y_,Socialfave_ESP,Directed
TechnoJeder,KenYSEF,Directed
TopCyberNews,TopCyberNews,Directed
JonathanJBailey,hplabs,Directed
Calcaware,IainLJBrown,Directed
pdrini_guardian,pierrepinna,Directed
Mattsalaat,Socedo,Directed
BuanaFrank3,IainLJBrown,Directed
Aljurelegal,Ronald_vanLoon,Directed
Tsundu_Mak,Analytics_Edge,Directed
TweetWineBOT,startup_italia,Directed
Chakradhar2311,roboticssystemz,Directed
Boireaul,IBM,Directed
mmmgaber,MikeTamir,Directed
WebHCI,MktgSciences,Directed
lucianocantaro,JimMarous,Directed
fernandocuenca,JimMarous,Directed
iuinfograd,worldtrendsinfo,Directed
INTROby,skychainglobal,Directed
lucianocantaro,ipfconline1,Directed
webmasterfree,LiquidHub,Directed
fernandocuenca,LiquidHub,Directed
SokoloffLouiza,IainLJBrown,Directed
DochiMichi1,Ronald_vanLoon,Directed
Jaguilam2003,MikeQuindazzi,Directed
Boireaul,Francesco2Serra,Directed
Yeshuanaut,tegmark,Directed
senegalbot,CharlotdeMan,Directed
senegalbot,CharlotdeMan,Directed
senegalbot,CharlotdeMan,Directed
senegalbot,CharlotdeMan,Directed
senegalbot,CharlotdeMan,Directed
Py_FeS2,IainLJBrown,Directed
senegalbot,CharlotdeMan,Directed
JoonErdogan,IainLJBrown,Directed
SOSVnews,contextere,Directed
marcj0711,chboursin,Directed
MarysikIssaaaa,rateico,Directed
Science_Mktg,MktgSciences,Directed
Jaguilam2003,HaroldSinnott,Directed
teselkoi1983,wwwAIblog,Directed
entwistletx,corkarific,Directed
DisruptArtist,masoodalam51,Directed
entwistletx,robrecruitsdata,Directed
TheFuzzyFamily,MktgSciences,Directed
brkylmz03,EricTopol,Directed
R_AI_TF,tegmark,Directed
vikasnitr,drfeifei,Directed
drnic1,DeepLearn007,Directed
fernandocuenca,DeepLearn007,Directed
jillmnolan,ahmedjr_16,Directed
GonzaloBarria,dwnews,Directed
StrategyFintech,ipfconline1,Directed
femiurifemina,AitheonOfficial,Directed
itknowingness,jlmico,Directed
ALIAKBA42799239,AitheonOfficial,Directed
Mktg_B2B,MktgSciences,Directed
DavidWhinray,UpgradeMyName,Directed
R_AI_TF,reach2ratan,Directed
fernandocuenca,reach2ratan,Directed
iam_07akash,BluePi_In,Directed
HedgeThink,ipfconline1,Directed
fernandocuenca,ipfconline1,Directed
AndriiTsok,deepdrinkingnet,Directed
HedgeThink,SpirosMargaris,Directed
arima_india,PeterScottBlog,Directed
BubbleguGum,AitheonOfficial,Directed
MetiJoshi,IainLJBrown,Directed
arima_india,KenYSEF,Directed
MartDataTalent,MikeQuindazzi,Directed
EdGameTec,crypto_growers,Directed
Aljurelegal,ipfconline1,Directed
lianabell8,lianabell8,Directed
DNBRS117,singularity_net,Directed
cyainz,jlmico,Directed
CarrieH3nry,IainLJBrown,Directed
Kratzflausch,TweetEraser,Directed
cyainz,CharlotdeMan,Directed
cyainz,plimantour,Directed
julien_borderie,SeverineLienard,Directed
Jadirectivestwt,ahmedjr_16,Directed
luisdans,MikeQuindazzi,Directed
deusex_mac,IainLJBrown,Directed
GaryMarcus,schida,Directed
cyainz,seskvocovicqm,Directed
cyainz,CharlotdeMan,Directed
TizianaMontani1,antgrasso,Directed
JLDERCLE,ARakhlin,Directed
divemapper,OpenLitterMap,Directed
pdrini_guardian,MikeQuindazzi,Directed
autoworldmag,PatrickGunz_CH,Directed
michellechivung,bedfordcj,Directed
100DaysOfXBot,ogbuefibenedict,Directed
investment_easy,jblefevre60,Directed
blue08613,ipfconline1,Directed
eiwinger,MikeQuindazzi,Directed
roby_italy_51,manjushriNL,Directed
Tweets4Yoga,manjushriNL,Directed
MichaGUERIN,ipfconline1,Directed
TrutherbotAnyo2,Ronald_vanLoon,Directed
MiC_Nuggetzzz,Socialfave_Bra,Directed
BelloTimur,rateico,Directed
michavinogrado1,IainLJBrown,Directed
visaharan,EricTopol,Directed
Kratzflausch,terrinakamura,Directed
david_w_mayer,Ronald_vanLoon,Directed
kingofpayments,VSL_UK,Directed
pdeppisch,dxlabdesign,Directed
david_w_mayer,chboursin,Directed
uncivsheep,Ronald_vanLoon,Directed
BereanoPartners,PBalakrishnaRao,Directed
MikelWebDev,AitheonOfficial,Directed
JohnSnowai,ipfconline1,Directed
Ozan Can\u2122 \u303d\ufe0fAIDesign,ipfconline1,Directed
Fernando Cuenca,ipfconline1,Directed
MariaTzounakis,dwnews,Directed
Calcaware,Ronald_vanLoon,Directed
EnaPsychic,ipfconline1,Directed
TizianaMontani1,antgrasso,Directed
fernandocuenca,antgrasso,Directed
Klaud_07,skychainglobal,Directed
EdwinRasche,MikeQuindazzi,Directed
NoteworthyWifey,KenYSEF,Directed
DuflotValeria,Ronald_vanLoon,Directed
AdaptiveToolbox,xfxie,Directed
ChrisXtg,DeutscheBankAG,Directed
flavien_perier,rmncr,Directed
HedgeThink,dinisguarda,Directed
Jaguilam2003,MikeQuindazzi,Directed
dig8ital1,JimMarous,Directed
fernandocuenca,JimMarous,Directed
rahulbarooah,Collab_Int,Directed
Sandra2Scarlett,IainLJBrown,Directed
yediRaki,JimMarous,Directed
hakoliacf,Crypticsup,Directed
bdt_systems,jlmico,Directed
Go0o_Hard,Socialfave_ESP,Directed
JLDERCLE,DeepLearn007,Directed
yediRaki,Ronald_vanLoon,Directed
NewsFeedDE,ollorinko,Directed
NeuromemAi,yourlifeai,Directed
mysecretteam,contextere,Directed
HedgeThink,dinisguarda,Directed
BorissDoza,HaroldSinnott,Directed
AltmanYoutub,Ronald_vanLoon,Directed
EdgarTodd10,IainLJBrown,Directed
flavien_perier,strataconf,Directed
NeuromemAi,IoTRecruiting,Directed
Felix Akinnibi,pierrepinna,Directed
fernandocuenca,IoTRecruiting,Directed
ruslan_star1,OracleCX,Directed
JLDERCLE,AitheonOfficial,Directed
cnature_arts,jane_ayres12,Directed
NVSData,jlmico,Directed
fernandocuenca,jane_ayres12,Directed
SarahJoubert64,ahmedjr_16,Directed
SensorKen,MPBorman,Directed
J3nTyrell,IainLJBrown,Directed
andres9920,LynxPro_UK,Directed
wizardor,Shirastweet,Directed
bmtwright,99loans_in,Directed
designthinkbot,ogbuefibenedict,Directed
bauarau,KeplerTek,Directed
NVSData,joseoyarce,Directed
thezedwards,datadotworld,Directed
JLDERCLE,Flanaganlyfe,Directed
Liz Welsh Tompkins,pierrepinna,Directed
Steeler1313,BigData_Themen,Directed
SyedSharukh,helene_wpli,Directed
Breus777,KeplerTek,Directed
JLDERCLE,rajat_shrimal,Directed
cnature_arts,DeepLearn007,Directed
Elise_Pclay,IoTRecruiting,Directed
RobertJMalcom,IoTRecruiting,Directed
Michael_Jacobe,IoTRecruiting,Directed
PREPARTS,alainvanhoutte,Directed
DollyRayDigital,IoTRecruiting,Directed
JavierGochis,DeutscheBank,Directed
DollyRay1987,IoTRecruiting,Directed
AkanshaDigital,IoTRecruiting,Directed
SunnyRayDigital,IoTRecruiting,Directed
JLDERCLE,DeepLearn007,Directed
fernandocuenca,IoTRecruiting,Directed
SocialMedia_ist,IoTRecruiting,Directed
gsm_cyber,SpirosMargaris,Directed
SMDominator,IoTRecruiting,Directed
Steeler1313,AlecSocial,Directed
AltmanYoutub,iMariaJohnsen,Directed
hakoliacf,Crypticsup,Directed
AltmanYoutub,chboursin,Directed
dig_revolution,iMariaJohnsen,Directed
dpvishwakarma,robrecruitsdata,Directed
javifer22,iMariaJohnsen,Directed
Energiatutka,Energiatutka,Directed
JLDERCLE,dataeratech,Directed
MarcoPark21,IainLJBrown,Directed
flavien_perier,IntelAI,Directed
AltmanYoutub,chboursin,Directed
SyedSharukh,dataiku,Directed
fernandocuenca,chboursin,Directed
Energiatutka,Energiatutka,Directed
AdaptiveToolbox,homeAIinfo,Directed
mmortson,SupplyChainWrld,Directed
maxherold,ValaAfshar,Directed
waltque,"LolitaTaub If you're headed to #IBMThink2018, make sure checkout @sardire! #AI https",Directed
AltmanYoutub,tfkohler,Directed
SyedSharukh,antgrasso,Directed
MarkRawls2,MikeQuindazzi,Directed
Energiatutka,Energiatutka,Directed
JohnSnowai,vinod1975,Directed
AIBizDir,AIBizDir,Directed
deusex_mac,ipfconline1,Directed
dipaksamanta,vinod1975,Directed
fernandocuenca,ipfconline1,Directed
PREPARTS,alainvanhoutte,Directed
muskokastuff,MuskokaMan,Directed
fintechna,TheMichaelHelms,Directed
Max_Lyashko,jlmico,Directed
STimofeev85,AitheonOfficial,Directed
chirilino14,Crypticsup,Directed
JeffreyBuskey,HaroldSinnott,Directed
gsm_cyber,Findout_Ltd,Directed
DataM_AE,Analytics_HQ,Directed
JLDERCLE,rajat_shrimal,Directed
Steeler1313,TheMichaelHelms,Directed
josefelipeniet1,ipfconline1,Directed
Calcaware,Crypticsup,Directed
simsekebubekir,MikeQuindazzi,Directed
BuanaFrank3,IainLJBrown,Directed
DuflotValeria,Ronald_vanLoon,Directed
GoodwaterCap,MTLINTL,Directed
JLDERCLE,DeepLearn007,Directed
Ken_NethD,Socialfave_Bra,Directed
sectest9,vinod1975,Directed
JLDERCLE,pierrepinna,Directed
Ircahl,andi_staub,Directed
UtarSystems,TheMichaelHelms,Directed
StrategyFintech,vinod1975,Directed
inespohl,dwnews,Directed
arichduvet,iadam_tech,Directed
gsm_cyber,TechNative,Directed
saleembhai,jblefevre60,Directed
Appanacca,appliedAIbook,Directed
JuergUnger,ipfconline1,Directed
tesekkurler_bye,jblefevre60,Directed
gordeevaverona,rateico,Directed
a_butrik,skychainglobal,Directed
randyykgr,daneelproject,Directed
KjaCAoBMii5mflh,adryenn,Directed
fernandocuenca,adryenn,Directed
KarolynCavanah,IainLJBrown,Directed
ANCarrillo964,sbmeunier,Directed
fernandocuenca,sbmeunier,Directed
M_ayank__,PlazaSystems,Directed
shumilov5331,VectorZilla,Directed
AEQTalent,HRCurator,Directed
smartcityfeed,YwanVanLoon,Directed
smartcityfeed,Ronald_vanLoon,Directed
MarkRawls2,rajat_shrimal,Directed
entwistletx,wwwAIblog,Directed
ImenAzzouni,DeepLearn007,Directed
crip_ico,skychainglobal,Directed
Ilan_Manor,1DavidClarke,Directed
kenenwobu,IMITAKCO,Directed
Frenkie_Fisch,Socialfave_ESP,Directed
kenenwobu,jblefevre60,Directed
phj,schida,Directed
JLDERCLE,DeepLearn007,Directed
ThancmarFeldt,IainLJBrown,Directed
JLDERCLE,pierrepinna,Directed
galacticcredits,IMITAKCO,Directed
SMDominator,MikeQuindazzi,Directed
_Sara_999,EricTopol,Directed
cryptocurrency3,singularity_net,Directed
Tsundu_Mak,omeroymak,Directed
ozalladavid,ogbuefibenedict,Directed
AkanshaDigital,MikeQuindazzi,Directed
DollyRay1987,MikeQuindazzi,Directed
happylisago,MikeQuindazzi,Directed
kenenwobu,ahmedjr_16,Directed
UtarSystems,eSURETY,Directed
jmancebog,Intelygenz,Directed
DollyRayDigital,MikeQuindazzi,Directed
itknowingness,MikeQuindazzi,Directed
jorge_ulises,DeepLearn007,Directed
karentoittoit,nigewillson,Directed
Elise_Pclay,MikeQuindazzi,Directed
kenenwobu,MikeQuindazzi,Directed
Patrickvancouve,MikeQuindazzi,Directed
SunnyRayDigital,MikeQuindazzi,Directed
RobertJMalcom,MikeQuindazzi,Directed
ImranAwara,_DALECOIN,Directed
Michael_Jacobe,MikeQuindazzi,Directed
AIBizDir,PeterScottBlog,Directed
Sergistan,dwnews,Directed
f_16rD,Crypticsup,Directed
SocialMedia_ist,MikeQuindazzi,Directed
MetiJoshi,IainLJBrown,Directed
ANCarrillo964,rajat_shrimal,Directed
singularity_net,singularity_net,Directed
TopCyberNews,jane_ayres12,Directed
samsunborn,charlielevin,Directed
akupahne,rajat_shrimal,Directed
ANCarrillo964,HarbRimah,Directed
AkanshaDigital,SachinLulla,Directed
DollyRay1987,SachinLulla,Directed
SMDominator,SachinLulla,Directed
MHealPlus,UTHealth_SBMI,Directed
AdaptiveToolbox,jenipherzjw,Directed
DollyRayDigital,SachinLulla,Directed
oh3kqd,MikeQuindazzi,Directed
dslupeiks,IBMforMarketing,Directed
Elise_Pclay,SachinLulla,Directed
seshu_loka,MikeQuindazzi,Directed
Michael_Jacobe,SachinLulla,Directed
SocialMedia_ist,SachinLulla,Directed
Amets4,manjushriNL,Directed
krkrzysztofiak,DeepLearn007,Directed
NewsFeedDE,GabrielM2150,Directed
KMcDSAP,SpirosMargaris,Directed
krkrzysztofiak,KirkDBorne,Directed
RobertJMalcom,SachinLulla,Directed
Tsundu_Mak,IainLJBrown,Directed
keachbauer,strataconf,Directed
SunnyRayDigital,SachinLulla,Directed
itknowingness,SachinLulla,Directed
fernandocuenca,SachinLulla,Directed
NaamahAlQassimi,Avaya_MEA,Directed
Juli1Roche,SachinLulla,Directed
SergoPorto,KeplerTek,Directed
7wData,Ronald_vanLoon,Directed
fernandocuenca,Ronald_vanLoon,Directed
kenenwobu,jblefevre60,Directed
nikolas8667,KeplerTek,Directed
fernandocuenca,jblefevre60,Directed
Dakidsa1,WorldBank,Directed
michavinogrado1,IainLJBrown,Directed
kenenwobu,TopCyberNews,Directed
Magnum_Revolver,helene_wpli,Directed
kenenwobu,tfkohler,Directed
WomenBus,psb_dc,Directed
mehtap_yldiz,MikeQuindazzi,Directed
MilatgroVidel,AitheonOfficial,Directed
fernandocuenca,MikeQuindazzi,Directed
DollyRayDigital,mvasey,Directed
Magnum_Revolver,IMITAKCO,Directed
RichardMcCor,fujitsulabs,Directed
DollyRay1987,mvasey,Directed
Calcaware,jblefevre60,Directed
AkanshaDigital,mvasey,Directed
SMDominator,mvasey,Directed
kenenwobu,DigitalRetweet,Directed
Elise_Pclay,mvasey,Directed
SteazeTheAinle,MTLINTL,Directed
julien roche,pierrepinna,Directed
AllisonAIBot,homeAIinfo,Directed
AllisonAIBot,homeAIinfo,Directed
AllisonAIBot,homeAIinfo,Directed
AllisonAIBot,homeAIinfo,Directed
AllisonAIBot,homeAIinfo,Directed
AllisonAIBot,homeAIinfo,Directed
Michael_Jacobe,mvasey,Directed
AllisonAIBot,homeAIinfo,Directed
SocialMedia_ist,mvasey,Directed
AllisonAIBot,homeAIinfo,Directed
AllisonAIBot,homeAIinfo,Directed
SelfdrivingVehi,Chris_Zemelka,Directed
AllisonAIBot,homeAIinfo,Directed
OneNationRdoai,GreaterMTL,Directed
SunnyRayDigital,mvasey,Directed
fernandocuenca,mvasey,Directed
TodoenpcVE,jblefevre60,Directed
RobertJMalcom,mvasey,Directed
mmortson,mmortson,Directed
mmortson,mmortson,Directed
FriendlyAgentB,astorya_vc,Directed
FabioTaetti,MikeQuindazzi,Directed
Blockchain_Labs,guzmand,Directed
Capta1n_ML,IainLJBrown,Directed
ITCrowdsource,MoneyHealthFina,Directed
pinnakl8000,skychainglobal,Directed
ITCrowdsource,GreaterMTL,Directed
ITCrowdsource,MikeQuindazzi,Directed
REMlXxXx,Socialfave_Bra,Directed
Udara71144370,skychainglobal,Directed
DSci_AE,Ronald_vanLoon,Directed
notedmourne,Crypticsup,Directed
socialgoodstuff,classy,Directed
itknowingness,ipfconline1,Directed
AnneJanzer,KatieMartell,Directed
J3nTyrell,IainLJBrown,Directed
__KiSi__,DeepLearn007,Directed
SyedSharukh,JulioTrujillo_,Directed
fernandocuenca,JulioTrujillo_,Directed
FabioTaetti,MikeQuindazzi,Directed
smartertech,DeepLearn007,Directed
JohnSnowai,ipfconline1,Directed
ELCavalos,ipfconline1,Directed
Magnum_Revolver,kdnuggets,Directed
cryptocurrency3,singularity_net,Directed
abcdiallo,Ronald_vanLoon,Directed
__KiSi__,DeepLearn007,Directed
ELCavalos,sbmeunier,Directed
uapatira,deepdrinkingnet,Directed
BCCRSS,NemoRenato,Directed
ELCavalos,TopCyberNews,Directed
fernandocuenca,TopCyberNews,Directed
nmleo1,StevenDilla,Directed
JessNawty,JSaneOfficial,Directed
smartertech,DeepLearn007,Directed
tr_innovation,Findout_Ltd,Directed
EdgarTodd10,IainLJBrown,Directed
ELCavalos,ipfconline1,Directed
Silvia_Parma,JP_Courtois,Directed
Richard_Horwitz,healthyopinion,Directed
ELCavalos,JimMarous,Directed
joseFreedomVE,jblefevre60,Directed
__KiSi__,Yahyaalireal,Directed
jole_raisa,PitchApply,Directed
woodchu96737983,nigewillson,Directed
ELCavalos,andi_staub,Directed
ImenAzzouni,ipfconline1,Directed
StephenEllerker,singularity_net,Directed
ELCavalos,ipfconline1,Directed
TomFlomark,IagonOfficial,Directed
baruchih,TomoboxHQ,Directed
ex2Tory,AINewsFeed,Directed
Aurelie_JEAN,SeverineLienard,Directed
G4mexB0y,Socialfave_ESP,Directed
FabioTaetti,ipfconline1,Directed
ELCavalos,MikeQuindazzi,Directed
FabioTaetti,jblefevre60,Directed
KenSummerfield,ed_han,Directed
tyosukhe,Ronald_vanLoon,Directed
FabioTaetti,DeepLearn007,Directed
notedmourne,Crypticsup,Directed
FabioTaetti,MikeQuindazzi,Directed
MrRoboto3000,MikeQuindazzi,Directed
FabioTaetti,jblefevre60,Directed
FabioTaetti,ipfconline1,Directed
ELCavalos,ipfconline1,Directed
PokerDeal,daneelproject,Directed
StrategyFintech,thehackernewsu1,Directed
StrategyFintech,ipfconline1,Directed
AkanshaDigital,granvilleDSC,Directed
woodchu96737983,nigewillson,Directed
Vannmala,skychainglobal,Directed
happylisago,granvilleDSC,Directed
DollyRay1987,granvilleDSC,Directed
UncleIrvin,gerald_bader,Directed
DollyRayDigital,granvilleDSC,Directed
SMDominator,granvilleDSC,Directed
evankirstel,thehackernewsu1,Directed
woodchu96737983,nigewillson,Directed
fernanreal2662,acmeducation,Directed
evankirstel,albertogaruccio,Directed
FabioTaetti,evankirstel,Directed
fernandocuenca,evankirstel,Directed
SaGo_EnG,MikeQuindazzi,Directed
ELCavalos,ipfconline1,Directed
FabioTaetti,ipfconline1,Directed
77NinjasDMkt,jgodard2,Directed
asilazo99,KirkDBorne,Directed
fernandocuenca,KirkDBorne,Directed
AdaptiveToolbox,jlmico,Directed
FabioTaetti,jblefevre60,Directed
wpacademypro,Ananna16,Directed
AdaptiveToolbox,plimantour,Directed
Elise_Pclay,granvilleDSC,Directed
SaGo_EnG,MikeQuindazzi,Directed
RobertJMalcom,granvilleDSC,Directed
ELCavalos,ipfconline1,Directed
Nick_Zen,EricTopol,Directed
akdm_bot,IagonOfficial,Directed
Michael_Jacobe,granvilleDSC,Directed
fernandocuenca,granvilleDSC,Directed
DenisRusinovich,jblefevre60,Directed
SocialMedia_ist,granvilleDSC,Directed
SunnyRayDigital,granvilleDSC,Directed
Ronald_vanLoon,Ronald_vanLoon,Directed
wpacademypro,ahmedjr_16,Directed
fernandocuenca,Ronald_vanLoon,Directed
ParisMahavira,IainLJBrown,Directed
kenenwobu,reach2ratan,Directed
ELCavalos,JimMarous,Directed
ServidaAndrea,Jvowens,Directed
__KiSi__,ahmedjr_16,Directed
ELCavalos,ipfconline1,Directed
ServidaAndrea,JimMarous,Directed
wpacademypro,Jadirectivestwt,Directed
wpacademypro,Ananna16,Directed
3itcom,jblefevre60,Directed
MrRoboto3000,MikeQuindazzi,Directed
kenenwobu,SpirosMargaris,Directed
TheMisterFavor,TheMisterFavor,Directed
ELCavalos,bedfordcj,Directed
RobertG72020273,adryenn,Directed
FabioTaetti,rajat_shrimal,Directed
ELCavalos,ipfconline1,Directed
Calcaware,NIRAV_88,Directed
Calcaware,ipfconline1,Directed
deusex_mac,jblefevre60,Directed
melnyk,TopCyberNews,Directed
ELCavalos,iMariaJohnsen,Directed
minsuk_chang,erichorvitz,Directed
SaraMcKeeFRSA,mccubbin_paul,Directed
BuanaFrank3,IainLJBrown,Directed
kenenwobu,jane_ayres12,Directed
Tsundu_Mak,ahmedjr_16,Directed
FormilabHX,Nbombourg,Directed
judystout1,RosariaTaddeo,Directed
BCCRSS,Adri_EmBers,Directed
ArkaQuantum,Findout_Ltd,Directed
fernandocuenca,Findout_Ltd,Directed
flavien_perier,IBMforMarketing,Directed
CrackingGoogle,Science_Mktg,Directed
singularity_net,blckchaindaily,Directed
sectest9,Energiatutka,Directed
FilsDeLagrange,PatrickGunz_CH,Directed
bemol101,KeplerTek,Directed
arichduvet,iadam_tech,Directed
LeonardoEnzoP,blckchaindaily,Directed
CurationSuite,jlmico,Directed
ClaudiuRaulMur2,blckchaindaily,Directed
JohnSnowai,Analytics_Edge_,Directed
android_revol,MikeQuindazzi,Directed
makerkhan,blckchaindaily,Directed
fran6hm,ARakhlin,Directed
HygeiaH,MikeQuindazzi,Directed
kenenwobu,jamesvgingerich,Directed
JavierGPalacios,EricTopol,Directed
jacky_038,MCins_,Directed
ramos_casals,jane_ayres12,Directed
S1yGus,blckchaindaily,Directed
Nemou99,daneelproject,Directed
wpacademypro,ahmedjr_16,Directed
irfida,thehackernewsu1,Directed
Smart City Feed \ud83e\udd16,YwanVanLoon,Directed
jacky_038,andi_staub,Directed
UtarSystems,MikeQuindazzi,Directed
elaine_perry,InnovaMap,Directed
wpacademypro,wil_bielert,Directed
JoonErdogan,IainLJBrown,Directed
startzai,McKinsey_it,Directed
pavelnovak35,VectorZilla,Directed
rajeevdash,MikeQuindazzi,Directed
lwjohnst,waq0r,Directed
__KiSi__,forrester,Directed
lunarud,kuriharan,Directed
AnnieDuke,schida,Directed
wiomax_cn,AIBizDir,Directed
Chandra91033254,Crypticsup,Directed
_100DaysOfCode,mian_rohail,Directed
Samu3lR0y,IainLJBrown,Directed
blackboxfx,blckchaindaily,Directed
deeplearnbot,AINewsFeed,Directed
natural_sci,ValaAfshar,Directed
khunFYP,blckchaindaily,Directed
wizardor,pierrepinna,Directed
prokhorrudro,ValaAfshar,Directed
StrategyFintech,Analytics_Edge_,Directed
hrabiaKent,BigDataBatman,Directed
BeefEnt,MikeQuindazzi,Directed
wpacademypro,ileadgen,Directed
fernandocuenca,ileadgen,Directed
__KiSi__,Gartner_inc,Directed
FameExx,blckchaindaily,Directed
wpacademypro,ahmedjr_16,Directed
JeffFrick,theCUBE,Directed
BeefEnt,Analytics_Edge,Directed
wpacademypro,reinforcelabtwt,Directed
ArkangelScrap,IoTRecruiting,Directed
AAlNaggar,AAlNaggar,Directed
Saiful_islam234,KeplerTek,Directed
kwabeedat,AitheonOfficial,Directed
AAlNaggar,AAlNaggar,Directed
akdm_bot,AINewsFeed,Directed
amouni_fnd,hodlaltcoins,Directed
CarrieH3nry,IainLJBrown,Directed
AAlNaggar,AAlNaggar,Directed
singularity_net,singularity_net,Directed
SteakUtsee,iMariaJohnsen,Directed
singularity_net,singularity_net,Directed
VampSilver,skychainglobal,Directed
wpacademypro,ileadgen,Directed
kalashnikov321,GraphGrail,Directed
DrIsmailAri,MikeQuindazzi,Directed
TribeLocal,msarsar,Directed
singularity_net,singularity_net,Directed
NGBahrain,dwnews,Directed
KarolynCavanah,IainLJBrown,Directed
wpacademypro,reinforcelabtwt,Directed
trclosson,EricTopol,Directed
mmaamm9876,mmaamm9876,Directed
Natali_smirno,obizcoin,Directed
kenenwobu,IainLJBrown,Directed
ArkangelScrap,ipfconline1,Directed
kenenwobu,AI__Newz,Directed
CioAmaro,MikeQuindazzi,Directed
wpacademypro,reinforcelabtwt,Directed
DBaker007,KirkDBorne,Directed
fernandocuenca,KirkDBorne,Directed
kenenwobu,ipfconline1,Directed
wpacademypro,ahmedjr_16,Directed
michavinogrado1,IainLJBrown,Directed
wpacademypro,Jadirectivestwt,Directed
wiomax_cn,MikeQuindazzi,Directed
wpacademypro,ahmedjr_16,Directed
s_korolevskiy,_DALECOIN,Directed
numbersman77,magestro,Directed
BeefEnt,Crypticsup,Directed
WIOMAX_MD,AIBizDir,Directed
fingo_org,xfxie,Directed
Calcaware,Haiko,Directed
kenenwobu,reach2ratan,Directed
wpacademypro,ahmedjr_16,Directed
poetriiezz,Ronald_vanLoon,Directed
akdm_bot,DeepLearning101,Directed
topbots,debbiediscovers,Directed
KristiAlvarad0,IainLJBrown,Directed
singularity_net,singularity_net,Directed
wpacademypro,ahmedjr_16,Directed
wpacademypro,ahmedjr_16,Directed
singularity_net,singularity_net,Directed
OpenDataMonkey,OpenLitterMap,Directed
UtarSystems,ahmedjr_16,Directed
murakihart,jane_ayres12,Directed
REALELIJAHMARKS,Ronald_vanLoon,Directed
IndustryAi,eprado_melo,Directed
fernandocuenca,Ronald_vanLoon,Directed
gdorn1,ipfconline1,Directed
IndustryAi,Haiko,Directed
smithsk,TamaraMcCleary,Directed
LeoLanahan,JimMarous,Directed
fernandocuenca,JimMarous,Directed
poetriiezz,eSURETY,Directed
wpacademypro,ahmedjr_16,Directed
fernandocuenca,ahmedjr_16,Directed
DNARNAATP,jane_ayres12,Directed
SeanPreneur,Berci,Directed
Baessler_Rad,EricTopol,Directed
wylde_meg,damiagarciapriu,Directed
Bjorn_Roksvold,bretgreenstein,Directed
Capta1n_ML,IainLJBrown,Directed
singularity_net,singularity_net,Directed
TriciaP58974982,sepicarelli,Directed
NewsFeedDE,jane_ayres12,Directed
ExpoDX,ExpoDX,Directed
singularity_net,singularity_net,Directed
IT9_MiKE,MSFTImagine,Directed
cryptocurrency3,blckchaindaily,Directed
IT9_MiKE,msPartner,Directed
ArkangelScrap,DeepLearn007,Directed
ArkangelScrap,Ronald_vanLoon,Directed
ArkangelScrap,BourseetTrading,Directed
ArkangelScrap,ipfconline1,Directed
ArkangelScrap,MikeQuindazzi,Directed
ArkangelScrap,ahmedjr_16,Directed
ArkangelScrap,granvilleDSC,Directed
ArkangelScrap,ipfconline1,Directed
ArkangelScrap,ipfconline1,Directed
ArkangelScrap,Fisher85M,Directed
ArkangelScrap,DBaker007,Directed
ArkangelScrap,mvasey,Directed
ArkangelScrap,SachinLulla,Directed
fernandocuenca,granvilleDSC,Directed
ArkangelScrap,Ronald_vanLoon,Directed
ArkangelScrap,Ronald_vanLoon,Directed
ArkangelScrap,ipfconline1,Directed
fernandocuenca,mvasey,Directed
ArkangelScrap,ahmedjr_16,Directed
fernandocuenca,SachinLulla,Directed
ArkangelScrap,jblefevre60,Directed
ArkangelScrap,iMariaJohnsen,Directed
ArkangelScrap,evankirstel,Directed
ArkangelScrap,evankirstel,Directed
ArkangelScrap,Chris_Zemelka,Directed
ArkangelScrap,MikeQuindazzi,Directed
ArkangelScrap,ipfconline1,Directed
ArkangelScrap,DBaker007,Directed
itknowingness,evankirstel,Directed
ArkangelScrap,SachinLulla,Directed
ArkangelScrap,evankirstel,Directed
fernandocuenca,SachinLulla,Directed
chevallier77,SeverineLienard,Directed
ArkangelScrap,pierrepinna,Directed
AllisonAIBot,homeAIinfo,Directed
AllisonAIBot,homeAIinfo,Directed
AllisonAIBot,homeAIinfo,Directed
AllisonAIBot,homeAIinfo,Directed
AllisonAIBot,homeAIinfo,Directed
AllisonAIBot,homeAIinfo,Directed
ArkangelScrap,granvilleDSC,Directed
HCILabs,ScottClendaniel,Directed
Code_LikeAGirl,iediversity,Directed
ZaykaAlinaZayka,rateico,Directed
J3nTyrell,IainLJBrown,Directed
DNARNAATP,jlmico,Directed
RayBordogna,omeroymak,Directed
bazzzvalera,daneelproject,Directed
yoderj46,evankirstel,Directed
ZekaConsulting,MikeQuindazzi,Directed
ZekaConsulting,DeepLearn007,Directed
ZekaConsulting,Ronald_vanLoon,Directed
IOTofWorld,rajat_shrimal,Directed
ZekaConsulting,iMariaJohnsen,Directed
ZekaConsulting,MikeQuindazzi,Directed
Alexand16269665,chboursin,Directed
BRULELaurent54,jane_ayres12,Directed
ZekaConsulting,antgrasso,Directed
ZekaConsulting,rajat_shrimal,Directed
ZekaConsulting,iMariaJohnsen,Directed
africa_active,jblefevre60,Directed
MorganeBravo,MorganeBravo,Directed
ZekaConsulting,omeroymak,Directed
ExpoDX,ExpoDX,Directed
imworksofficial,GaryDower,Directed
jpfrioul,evankirstel,Directed
ZekaConsulting,MikeQuindazzi,Directed
jurylady5,Ronald_vanLoon,Directed
OliviaNikodem,IainLJBrown,Directed
SolidRecs,I_m_ranjeet,Directed
wv2017,IS_GEOCommunity,Directed
armchairathlet,ahmedjr_16,Directed
mans0386,AitheonOfficial,Directed
FutureCite,MikeQuindazzi,Directed
expectantsplatt,Crypticsup,Directed
Tsundu_Mak,theaiguys,Directed
armchairathlet,Ananna16,Directed
EdgarTodd10,IainLJBrown,Directed
DNAed_tech,NicolaCalder7,Directed
mabelin1994,TechCompanyNews,Directed
IgorCarron,erichorvitz,Directed
armchairathlet,reinforcelabtwt,Directed
ELCavalos,MikeQuindazzi,Directed
MichealEmeche,rajat_shrimal,Directed
oskarsyahbana,appliedAIbook,Directed
joseFreedomVE,KirkDBorne,Directed
fernandocuenca,KirkDBorne,Directed
armchairathlet,Jadirectivestwt,Directed
armchairathlet,ileadgen,Directed
FabienBrodie,IainLJBrown,Directed
ELCavalos,jblefevre60,Directed
SYLEmotivates,andi_staub,Directed
python_rt_bot,reinforcelabtwt,Directed
armchairathlet,reinforcelabtwt,Directed
MichealEmeche,Ronald_vanLoon,Directed
armchairathlet,Jadirectivestwt,Directed
ELCavalos,psb_dc,Directed
MichealEmeche,LynnKesterson,Directed
maria__hanks,EngBigData,Directed
pbays_digital,joytrek,Directed
pavelnovak35,VectorZilla,Directed
ParisMahavira,IainLJBrown,Directed
Data_MSci,Analytics_Edge,Directed
cwphxam,Doctor_Freight,Directed
armchairathlet,ahmedjr_16,Directed
Data_MSci,Analytics_Edge,Directed
EdKwedar,evankirstel,Directed
expectantsplatt,Crypticsup,Directed
marketingonblog,Ronald_vanLoon,Directed
Calcaware,Data_MSci,Directed
Calcaware,Data_MSci,Directed
MariaChoucair,DeepLearn007,Directed
brienthess,brienthess,Directed
Udara71144370,daneelproject,Directed
ConJRdeLaFuente,Maperez324,Directed
sectest9,Data_MSci,Directed
Tsundu_Mak,IainLJBrown,Directed
hksfuture,CyrusHodes,Directed
GrowUrStartup,MFisher_,Directed
ELCavalos,pierrepinna,Directed
itknowingness,Ronald_vanLoon,Directed
canayatalay,hworksdesign,Directed
MichealEmeche,ValaAfshar,Directed
EmilMalm4,antgrasso,Directed
ileadgen,reinforcelabtwt,Directed
WIOMAX_PA,wiomax,Directed
PennyCater,scottturneruon,Directed
SokoloffLouiza,IainLJBrown,Directed
ELCavalos,ELCavalos,Directed
NabilBouzerna,ExpoDX,Directed
JuergUnger,evankirstel,Directed
deusex_mac,evankirstel,Directed
BeefEnt,Data_MSci,Directed
Horinleonid,AitheonOfficial,Directed
CollonvilleT,Ronald_vanLoon,Directed
CloudExpo,ExpoDX,Directed
TheBigDataBot,JimMarous,Directed
CloudExpo,ExpoDX,Directed
luiscuartasp,caliskan_burak,Directed
rzembo,rzembo,Directed
MichealEmeche,Shirastweet,Directed
TheMrJordan23,AitheonOfficial,Directed
004nino,FrRonconi,Directed
fernandocuenca,FrRonconi,Directed
ileadgen,ahmedjr_16,Directed
TheMrJordan23,VectorZilla,Directed
pavelnovak35,VectorZilla,Directed
BigDataExpo,ExpoDX,Directed
IndieGameDevBot,CapnMintbeard,Directed
BigDataExpo,ExpoDX,Directed
PyLadiesRemote,GeoPythonConf,Directed
fernandocuenca,GeoPythonConf,Directed
ArkangelScrap,ipfconline1,Directed
akmal0395,AitheonOfficial,Directed
machinelearnbot,kdnuggets,Directed
herg4711,Chris_Zemelka,Directed
ArkangelScrap,ipfconline1,Directed
DzrDimasi4ek,skychainglobal,Directed
Tsundu_Mak,h2oai,Directed
Tsundu_Mak,IainLJBrown,Directed
bloggers_view,Digitalmstream,Directed
DevOpsSummit,ExpoDX,Directed
DevOpsSummit,ExpoDX,Directed
DrRueckauf,HeinzVHoenen,Directed
JamesFl3tcher,IainLJBrown,Directed
ArkangelScrap,DBaker007,Directed
SteakUtsee,TweetEraser,Directed
machinelearnbot,Ronald_vanLoon,Directed
pavelnovak35,VectorZilla,Directed
PumaPuma_,AitheonOfficial,Directed
GianmariaSbetta,McKinsey_it,Directed
orliph,ogbuefibenedict,Directed
NoonsMohsen,Crypticsup,Directed
FintechPalace,iMariaJohnsen,Directed
MANOAmericas,Emerging_Guru,Directed
MichealEmeche,IBMBlockchain,Directed
MetiJoshi,IainLJBrown,Directed
ArkangelScrap,Ronald_vanLoon,Directed
Jonny_St87,skychainglobal,Directed
ThingsExpo,ExpoDX,Directed
ThingsExpo,ExpoDX,Directed
irfida,evankirstel,Directed
LElkan,ipfconline1,Directed
K0YCHEV,K0YCHEV,Directed
LElkan,chboursin,Directed
MarcoPark21,IainLJBrown,Directed
NOWIAMME,Arrowsofhealth,Directed
BlockChainBiz,Data_MSci,Directed
SYSCONmedia,ExpoDX,Directed
blue08613,ipfconline1,Directed
SYSCONmedia,ExpoDX,Directed
Ananna16,ahmedjr_16,Directed
newfirebase,KenYSEF,Directed
joseFreedomVE,MikeTamir,Directed
Kawsar01676,_DALECOIN,Directed
Tsundu_Mak,DanielBurrus,Directed
TomoboxHQ,TomoboxHQ,Directed
UtarSystems,rajat_shrimal,Directed
gentmaro88,KeplerTek,Directed
MetrineWamkota,NoonsMohsen,Directed
mjjnieminen,Ronald_vanLoon,Directed
aginginplacecom,mccubbin_paul,Directed
michavinogrado1,IainLJBrown,Directed
mjjnieminen,MikeQuindazzi,Directed
IHasko,Ronald_vanLoon,Directed
EchoFintech,jblefevre60,Directed
ArkangelScrap,evankirstel,Directed
ArkangelScrap,albertogaruccio,Directed
EchoFintech,jblefevre60,Directed
fares_alahdab,EricTopol,Directed
Calcaware,IainLJBrown,Directed
Calcaware,MikeQuindazzi,Directed
qfgvbzmw360,emawware,Directed
FaustinoLo38,Ronald_vanLoon,Directed
DNARNAATP,JimMarous,Directed
itsjustinwong,CioAmaro,Directed
diniangraeni25,AitheonOfficial,Directed
TomoboxHQ,DavidmSachs,Directed
jetrubyagency,ahmedjr_16,Directed
lunkin2910,KeplerTek,Directed
dodikthea,skychainglobal,Directed
jetrubyagency,pro_co_ru,Directed
psb_dc,jblefevre60,Directed
OksanaRyazancev,skychainglobal,Directed
SadieRettstatt3,emawware,Directed
pbusch42,IMITAKCO,Directed
Brian Roemmele,pierrepinna,Directed
D_Hermans,JimMarous,Directed
Capta1n_ML,IainLJBrown,Directed
Rajeev_NL,dwnews,Directed
Quazi_Star,DeepLearn007,Directed
Kawsar01676,_DALECOIN,Directed
daviswatters,MikeQuindazzi,Directed
Tsundu_Mak,Analytics_HQ,Directed
ArkangelScrap,IBMforMarketing,Directed
ArkangelScrap,granvilleDSC,Directed
markovi4mark,skychainglobal,Directed
ArkangelScrap,mvasey,Directed
zapalak,nasscom,Directed
ArkangelScrap,MikeQuindazzi,Directed
ambrethvn,BelalaC,Directed
zapalak,nasscom,Directed
TJDingeldein,IMITAKCO,Directed
KTW_AE,Analytics_Edge,Directed
KTW_AE,Analytics_Edge,Directed
EchoFintech,jblefevre60,Directed
WIOMAX_PA,ipfconline1,Directed
charganack,1Aasheesh,Directed
scb92500,Ronald_vanLoon,Directed
K0YCHEV,K0YCHEV,Directed
AAlNaggar,Ronald_vanLoon,Directed
TJDingeldein,IMITAKCO,Directed
maya_rap,andi_staub,Directed
WiFi_NY,bamitav,Directed
KarolynCavanah,IainLJBrown,Directed
c2schoen,jblefevre60,Directed
JohnSnowai,Skyfidelity,Directed
Bardadymartem,daneelproject,Directed
JoannMoretti,ValaAfshar,Directed
c2schoen,andi_staub,Directed
fernandocuenca,andi_staub,Directed
DisruptiveEleme,Ronald_vanLoon,Directed
adantro,appliedAIbook,Directed
shoh_0425,kajumaaaru,Directed
c2schoen,andi_staub,Directed
OliviaNikodem,IainLJBrown,Directed
CharmedJohanna,MikeQuindazzi,Directed
eztechwin,IoTRecruiting,Directed
AllisonAIBot,homeAIinfo,Directed
akubot,MikeTamir,Directed
profjasonpotts,helene_wpli,Directed
fernandocuenca,helene_wpli,Directed
plutokebab,Crypticsup,Directed
Tsundu_Mak,EmmanuelAnique,Directed
vinod1975,MikeQuindazzi,Directed
SecchiElias,McKinsey_it,Directed
elizondomemo,EricTopol,Directed
StrategyFintech,Skyfidelity,Directed
evankirstel,helene_wpli,Directed
PallabPaulll,IntelAI,Directed
Tivilehti,PaiviAntikainen,Directed
c2schoen,jblefevre60,Directed
FabienBrodie,IainLJBrown,Directed
margolynn51,kubernan,Directed
ArkangelScrap,JimMarous,Directed
Stephencgill,TechCheckNN,Directed
igorBobusky,Crypticsup,Directed
Kawsar01676,_DALECOIN,Directed
Aberdeen_Greg,tomberdeen,Directed
CryptPlanet,KeplerTek,Directed
bonnybachelder3,emawware,Directed
ArkangelScrap,Ronald_vanLoon,Directed
frontlineldr,mitsmr,Directed
EdgarTodd10,IainLJBrown,Directed
oasis789,bevontule,Directed
ParisMahavira,IainLJBrown,Directed
Rosario_Strano,Ronald_vanLoon,Directed
fernandocuenca,Ronald_vanLoon,Directed
Credit_Agricole,CPR_AM,Directed
gdorn1,DeepSingularity,Directed
accmobility,xfxie,Directed
gdorn1,gp_pulipaka,Directed
fernandocuenca,gp_pulipaka,Directed
OU_W340,leannejcochrane,Directed
ICO__HUNT,skychainglobal,Directed
gdorn1,gp_pulipaka,Directed
fernandocuenca,gp_pulipaka,Directed
gdorn1,gp_pulipaka,Directed
gdorn1,gp_pulipaka,Directed
CryptoCyborg101,singularity_net,Directed
plutokebab,Crypticsup,Directed
fernandocuenca,gp_pulipaka,Directed
gdorn1,gp_pulipaka,Directed
fernandocuenca,gp_pulipaka,Directed
IBM_IndustryLab,IBM,Directed
\u9999\u6e2f\u3067sake and rain,svenphilipsen,Directed
gdorn1,gp_pulipaka,Directed
neznaica1984,VectorZilla,Directed
fernandocuenca,gp_pulipaka,Directed
p3ppymon,obizcoin,Directed
gdorn1,gp_pulipaka,Directed
fernandocuenca,gp_pulipaka,Directed
Tsundu_Mak,natarpr,Directed
punjabimodern1,CDU,Directed
ICTandEnergy,Ronald_vanLoon,Directed
truthtableJCT,MikeQuindazzi,Directed
LGHR,evankirstel,Directed
arichduvet,NIRAV_88,Directed
RobynPope83,IainLJBrown,Directed
dinisguarda,Ronald_vanLoon,Directed
Neurons_AI,seryiogonzalez,Directed
SokoloffLouiza,IainLJBrown,Directed
WasselGuerbaa,WasselGuerbaa,Directed
ArkangelScrap,TheMisterFavor,Directed
flavien_perier,Ansip_EU,Directed
Jcazz17,Skyfidelity,Directed
OnderKaraogLan,mvasey,Directed
AvatarNemo,whymandesign,Directed
SteakUtsee,gp_pulipaka,Directed
detrez_g,BigData_Themen,Directed
lestari54410,AitheonOfficial,Directed
ArkangelScrap,TheMisterFavor,Directed
abockelm,jblefevre60,Directed
apinto27,dwnews,Directed
nigewillson,TopCyberNews,Directed
YazdJBilimoria,AI__Newz,Directed
Podrivel,MikeQuindazzi,Directed
AnalytikaByCim,iotforall,Directed
philsiebenelf,MikeQuindazzi,Directed
Samu3lR0y,IainLJBrown,Directed
iotnws,MikeQuindazzi,Directed
Tsundu_Mak,Fraud_Analytics,Directed
JamesFl3tcher,IainLJBrown,Directed
OnderKaraogLan,ParisFinForum,Directed
missdiplom,healthyopinion,Directed
Stacie_Young1,SJTechGuy,Directed
ACE7977,rajat_shrimal,Directed
BeierMichael71,BoschPresse,Directed
Duriyya,dwnews,Directed
mitasforce,ahmedjr_16,Directed
OzerikM,MikeQuindazzi,Directed
MetiJoshi,IainLJBrown,Directed
flavien_perier,shashib,Directed
AmazingChevVolt,TopCyberNews,Directed
4BillLewis,TFrenehard,Directed
OnderKaraogLan,Ronald_vanLoon,Directed
WasselGuerbaa,Ronald_vanLoon,Directed
andrew_lova,GraphGrail,Directed
CarrieH3nry,IainLJBrown,Directed
maxikon77,Crypticsup,Directed
Apium_hub,shanebrighton,Directed
WasselGuerbaa,eSURETY,Directed
mench90,IMITAKCO,Directed
hernac80,MikeQuindazzi,Directed
NewsFeedDE,IMITAKCO,Directed
Touchme4youLe,Commnexis,Directed
leoquinmec,helene_wpli,Directed
LeonardoEnzoP,AnsonMcCade,Directed
OnderKaraogLan,Ronald_vanLoon,Directed
hernac80,MikeQuindazzi,Directed
JochenHeussner,TrackMyRisks,Directed
JanvanZyljr,dphamhi,Directed
Pixarts,homeAIinfo,Directed
FrancouDes,SeverineLienard,Directed
Blockchain_Res,dinisguarda,Directed
Fisher85M,JimMarous,Directed
michavinogrado1,IainLJBrown,Directed
WechslerMallory,IainLJBrown,Directed
DanDukan,SAP_Labs_Israel,Directed
slicercitrine,Crypticsup,Directed
hernac80,JimMarous,Directed
fernandocuenca,JimMarous,Directed
BoureiltHugo,R_Demidchuk,Directed
fernandocuenca,R_Demidchuk,Directed
BoureiltHugo,R_Demidchuk,Directed
KristiAlvarad0,IainLJBrown,Directed
INNVEA,jgodard2,Directed
Curation Suite,svenphilipsen,Directed
aytekbrk,_DALECOIN,Directed
DrSalonen,Tiffani_Bova,Directed
ArkangelScrap,TheMisterFavor,Directed
ArkangelScrap,TheMisterFavor,Directed
fernandocuenca,TheMisterFavor,Directed
MaFrenay,Ansip_EU,Directed
arthursharp13,Ronald_vanLoon,Directed
markmcardle,IMITAKCO,Directed
AInomics,DES_show,Directed
Capta1n_ML,IainLJBrown,Directed
zelivsky333,KeplerTek,Directed
CharmedJohanna,granvilleDSC,Directed
ArkangelScrap,chboursin,Directed
CharmedJohanna,SachinLulla,Directed
ArkangelScrap,pierrepinna,Directed
Tsundu_Mak,IainLJBrown,Directed
intelligent_bu,ipfconline1,Directed
CharmedJohanna,iMariaJohnsen,Directed
flavien_perier,hplabs,Directed
TokenRobot,KeplerTek,Directed
TokenRobot,hut34project,Directed
UtarSystems,GOGLINJF,Directed
UtarSystems,TheMisterFavor,Directed
TokenRobot,hut34project,Directed
TokenRobot,hut34project,Directed
TokenRobot,ArkEcosystem,Directed
TokenRobot,sonmdevelopment,Directed
slicercitrine,Crypticsup,Directed
INNVEA,DeepLearn007,Directed
CodingFlux_,Ronald_vanLoon,Directed
Algorithmic_Ef,KirkDBorne,Directed
lucasoft_co_uk,wef #BestOf,Directed
AdaptiveToolbox,xfxie,Directed
praveenweera96,daneelproject,Directed
GOGLINJF,Ronald_vanLoon,Directed
deepakmahtani,Pivigo,Directed
AndriyLomazjuk,PitchApply,Directed
AmancioBouza,AmancioBouza,Directed
itknowingness,ipfconline1,Directed
AcademiaEduSoft,DeepLearn007,Directed
GOGLINJF,MikeQuindazzi,Directed
ArkangelScrap,DimitriHommel,Directed
fernandocuenca,DimitriHommel,Directed
kenenwobu,andi_staub,Directed
ArkangelScrap,chboursin,Directed
poetriiezz,eSURETY,Directed
SteakUtsee,_FarooqUmar,Directed
dirkzitt,rajat_shrimal,Directed
TelecomReseller,evankirstel,Directed
healthyforyouIE,MedGizmo,Directed
EricTIXADOR,AmandineCQ,Directed
addiktoo,singularity_net,Directed
Pradeep_tk,TopCyberNews,Directed
Samra8898,Crypticsup,Directed
stefandehoog,mminkevich,Directed
CherlynSEBAST17,kubernan,Directed
techtionary,evankirstel,Directed
TheBigDataBot,DeepLearn007,Directed
TarakRindani,TopCyberNews,Directed
sarah1brooke,theRSAorg,Directed
ipfconline1,TopCyberNews,Directed
SteveTurner50,adryenn,Directed
fernandocuenca,adryenn,Directed
flavien_perier,ryan_a_bell,Directed
EnricBarba,antgrasso,Directed
robmccargow,theRSAorg,Directed
SusiDarwin,evankirstel,Directed
kenenwobu,Ronald_vanLoon,Directed
UncleIrvin,danavilcea,Directed
DSci_AE,MktgSciences,Directed
HGC2IME,IoTRecruiting,Directed
prada2get,MarshaCollier,Directed
b0tt0mWatch3r,Skyfidelity,Directed
Collaborizm,jblefevre60,Directed
lesguer_lionel,TopCyberNews,Directed
JohnSnowai,TopCyberNews,Directed
JohnSnowai,ipfconline1,Directed
itknowingness,akwyz,Directed
VinodSLive,denodo,Directed
fernandocuenca,denodo,Directed
amPureGenius,rajat_shrimal,Directed
NewThor,ryan_a_bell,Directed
waltque,mbenlakhoua The latest The Security Daily! https,Directed
theperson609,TopCyberNews,Directed
T_Scott_C,MktgSciences,Directed
ParisMahavira,IainLJBrown,Directed
K10AE,Analytics_Edge,Directed
K10AE,Analytics_Edge,Directed
kenenwobu,eSURETY,Directed
cryptwon,IoTRecruiting,Directed
K01AE,MktgSciences,Directed
Calcaware,K01AE,Directed
altcoinsINF,AitheonOfficial,Directed
garjam_apps,JCViollier,Directed
KarolynCavanah,IainLJBrown,Directed
Isabelle Peres,TopCyberNews https,Directed
INNVEA,Vilynx,Directed
GOGLINJF,jblefevre60,Directed
Success_on1y,eLearning_Feed,Directed
many_loops,singularity_net,Directed
viktor_besov,GraphGrail,Directed
viktor_besov,GraphGrail,Directed
Tsundu_Mak,ahmedjr_16,Directed
blue08613,ryan_a_bell,Directed
EdgarTodd10,IainLJBrown,Directed
sectest9,xfxie,Directed
ArkangelScrap,reach2ratan,Directed
blue08613,ipfconline1,Directed
ArkangelScrap,SachinLulla,Directed
c2schoen,andi_staub,Directed
blaizedsouza,Ronald_vanLoon,Directed
FernandoLM2M,VodafoneVGE,Directed
sectest9,GOGLINJF,Directed
StrategyFintech,TopCyberNews,Directed
StrategyFintech,ipfconline1,Directed
mbellias,SachinLulla,Directed
Abonarea1,singularity_net,Directed
ArkangelScrap,IMITAKCO,Directed
RobynPope83,IainLJBrown,Directed
arichduvet,JorgeTRRHH,Directed
ArkangelScrap,reach2ratan,Directed
SimonettaAcri,McKinsey_it,Directed
arielSTRABONI,SeverineLienard,Directed
ArkangelScrap,granvilleDSC,Directed
ArkangelScrap,IMITAKCO,Directed
MaFrenay,DSMeu,Directed
smartcityfeed,realrudymartin,Directed
AdaptiveToolbox,seskvocovicqm,Directed
Adele47018578,electrofab,Directed
dliotta,guzmand,Directed
JasonW_Avaya,Jim__Geary,Directed
stephenanspach,apltownsend,Directed
TVSNext,seskvocovicqm,Directed
TVSNext,TopCyberNews,Directed
TopCyberNews,isabelleperes,Directed
TVSNext,JCViollier,Directed
TVSNext,dndstudio3,Directed
SaiaCarmelo,giandozeta,Directed
TVSNext,ipfconline1,Directed
AlfrediaYates10,UserExperienceU,Directed
fernandocuenca,UserExperienceU,Directed
lin520josh,BigDataBlender,Directed
11fractalers,blckchaindaily,Directed
UncleIrvin,MRDIZASTER,Directed
AHurtadoZ,TopCyberNews,Directed
Samu3lR0y,IainLJBrown,Directed
ThancmarFeldt,IainLJBrown,Directed
JulienSiva,jblefevre60,Directed
MassimoChirivi,1DavidClarke,Directed
Ansip_EU,DSMeu,Directed
BereanoPartners,kubernan,Directed
Tsundu_Mak,reinforcelabtwt,Directed
openscience,romainbousson,Directed
ArkangelScrap,SpirosMargaris,Directed
sundarnut,mbenlakhoua,Directed
JamesFl3tcher,IainLJBrown,Directed
rogeliocano4,realrudymartin,Directed
kenenwobu,JGrobicki,Directed
JensRoehrich,JensRoehrich,Directed
Mktg_AE,MktgSciences,Directed
startzai,McKinsey_it,Directed
hoofsnash,Crypticsup,Directed
jackyeclayton,seskvocovicqm,Directed
jackyeclayton,Ronald_vanLoon,Directed
jackyeclayton,IainLJBrown,Directed
JulienSiva,rajat_shrimal,Directed
BereanoPartners,TopCyberNews,Directed
lfpazmino,JimMarous,Directed
RickDeare,Ronald_vanLoon,Directed
sandramp,sardire,Directed
Linktheinformer,CapnMintbeard,Directed
WIOMAX_PA,xfxie,Directed
machinelearnbot,Ronald_vanLoon,Directed
sandramp,sardire,Directed
Tim,DiegoKuonen,Directed
baldesco,appliedAIbook,Directed
MichaelBCurran,tkuehlmeyer,Directed
robmccargow,robmccargow,Directed
Gadrizzle,DeepLearn007,Directed
ThomasHaneder,BuschRo,Directed
kenenwobu,SpirosMargaris,Directed
sunshine_alya,skychainglobal,Directed
florchsandoval,IECStandards,Directed
OhThatsRaRa,MichaelCameneti,Directed
Mu_ul_lil,Ansip_EU,Directed
ecommerce_gl,TheMisterFavor,Directed
kenenwobu,SpirosMargaris,Directed
Tsundu_Mak,bonzaiengineers,Directed
Ronald_vanLoon,Ronald_vanLoon,Directed
hoofsnash,Crypticsup,Directed
WechslerMallory,IainLJBrown,Directed
ArkangelScrap,helene_wpli,Directed
AdamsFantasy,ARakhlin,Directed
kenenwobu,bedfordcj,Directed
jacky_038,andi_staub,Directed
Calcaware,helene_wpli,Directed
FutureCite,HaroldSinnott,Directed
Risar_,theRSAorg,Directed
deusex_mac,IMITAKCO,Directed
dyobs,andi_staub,Directed
evolvexie,AitheonOfficial,Directed
ArkangelScrap,ipfconline1,Directed
KristiAlvarad0,IainLJBrown,Directed
GOGgentle,JimMarous,Directed
LauraMonferrer,IridescentLA,Directed
MayIrmamay14,StevenDilla,Directed
SpirosMargaris,JimMarous,Directed
bibirusso1122,emawware,Directed
_Data_Science,ProductiveSys,Directed
_Data_Science,ProductiveSys,Directed
ArkangelScrap,TopCyberNews,Directed
Gadrizzle,DeepLearn007,Directed
DivergentCIO,Ronald_vanLoon,Directed
flavien_perier,KirkDBorne,Directed
blogtheristo,DSMeu,Directed
SpectorSupport,JimMarous,Directed
ajisafebidemi,Ronald_vanLoon,Directed
akdm_bot,8BarJim,Directed
ArkangelScrap,Ronald_vanLoon,Directed
Capta1n_ML,IainLJBrown,Directed
kenenwobu,Fisher85M,Directed
andreacreativo,IconsultingBI,Directed
Tsundu_Mak,Gartner_inc,Directed
smartcityfeed,_Data_Science,Directed
smartcityfeed,_Data_Science,Directed
GamerGeekNews,KirkDBorne,Directed
TriciaKicksSaaS,Ronald_vanLoon,Directed
EdAl001,Princeton,Directed
mazenjawarneh1,MedGizmo,Directed
_Data_Science,_FarooqUmar,Directed
LNSPMensHospo,MTLINTL,Directed
charganack,fintech_matt,Directed
MdMominUddin004,skychainglobal,Directed
suntastic77,ryan_a_bell,Directed
ali_hasany,JimMarous,Directed
JohnSnowai,KirkDBorne,Directed
MdMominUddin004,skychainglobal,Directed
MarcRezzonico,reymondin,Directed
SpirosMargaris,SpirosMargaris,Directed
Svv52rus,skychainglobal,Directed
Sandp85,Crypticsup,Directed
FutureCite,biconnections,Directed
Svv52rus,skychainglobal,Directed
deusex_mac,IainLJBrown,Directed
renato_umeton,dataiku,Directed
MdMominUddin004,skychainglobal,Directed
fintechna,charganack,Directed
Sandp85,Crypticsup,Directed
onmedic_it,McKinsey_it,Directed
SpirosMargaris,SpirosMargaris,Directed
MikeQuindazzi,PBalakrishnaRao,Directed
Svv52rus,skychainglobal,Directed
MdMominUddin004,skychainglobal,Directed
reinforcelabtwt,Ananna16,Directed
dirkzitt,HaroldSinnott,Directed
kenenwobu,evankirstel,Directed
DavidUlysse1,Ronald_vanLoon,Directed
NikkiPatel_,healthyopinion,Directed
CypherSec,eSURETY,Directed
hamzahbava,Vilavaite,Directed
MikeQuindazzi,MikeQuindazzi,Directed
WIOMAX_PA,IainLJBrown,Directed
yourodivy,AitheonOfficial,Directed
Bjorn Kutz,rajat_shrimal,Directed
Tsundu_Mak,AI_Mentors,Directed
Muddassar3352,forrester,Directed
BereanoPartners,Enterprisenxt,Directed
NKS_SUB,meisshaily,Directed
Stacie_Young1,TalentEcon,Directed
UtarSystems,yenravc,Directed
PaiviAntikainen,Ansip_EU,Directed
KMJ1925,isabelleperes,Directed
_maryhshultz,SAP,Directed
MarilioMeireles,dataiku,Directed
DigitalPhamcist,healthyopinion,Directed
KMJ1925,TopCyberNews,Directed
FormilabHX,DonGordon5,Directed
Calcaware,SaeedBaygi,Directed
DrSRaghavachari,ValaAfshar,Directed
schotanus,MikeQuindazzi,Directed
PetarPan321,VectorZilla,Directed
DavidUlysse1,SeverineLienard,Directed
Farm_Machinery_,MikeQuindazzi,Directed
ADRIANDOMAINAME,ADRIANDOMAINAME,Directed
DesignT_AE,Science_Mktg,Directed
kenenwobu,stephan_horvath,Directed
MotorcycleTwitt,MikeQuindazzi,Directed
KMJ1925,TopCyberNews,Directed
MotorcycleTwitt,PBalakrishnaRao,Directed
kenenwobu,Ronald_vanLoon,Directed
arctoplabs,SAP_Labs_Israel,Directed
mariathewlis,panintelligence,Directed
MotorcycleTwitt,MikeQuindazzi,Directed
SokoloffLouiza,IainLJBrown,Directed
MotorcycleTwitt,MikeQuindazzi,Directed
lianabell8,lianabell8,Directed
JuergUnger,ipfconline1,Directed
metabolic_ba,MedGizmo,Directed
MotorcycleTwitt,MikeQuindazzi,Directed
JohnSnowai,dataiku,Directed
SEOMediaLab,JCC_HombreOmega,Directed
CuriaTech,GaryDower,Directed
valb00,YvesMulkers,Directed
MotorcycleTwitt,MikeQuindazzi,Directed
smartcityfeed,eSURETY,Directed
CuriaTech,GaryDower,Directed
AvatarNemo,DesignT_AE,Directed
smartcityfeed,_Data_Science,Directed
smartcityfeed,Enterprisenxt,Directed
MeryJose8947,meisshaily,Directed
JoonErdogan,IainLJBrown,Directed
EGolgher,TheValdezGroup,Directed
d1version1988,daneelproject,Directed
CuriaTech,GaryDower,Directed
worldtrendsinfo,worldtrendsinfo,Directed
antor,deepdrinkingnet,Directed
wildbigboy,jblefevre60,Directed
johnoeffinger75,IMITAKCO,Directed
AIBizDir,AndreKiehne,Directed
Cyberconnecting,APTiefengraber,Directed
dignetdesigns,GaryDower,Directed
AIBizDir,xfxie,Directed
dignetdesigns,GaryDower,Directed
yahsreign,b0tt0mWatch3r,Directed
energycoin,_Data_Science,Directed
energycoin,eSURETY,Directed
dignetdesigns,GaryDower,Directed
GENESSSA,ipfconline1,Directed
Samu3lR0y,IainLJBrown,Directed
ThancmarFeldt,IainLJBrown,Directed
tthus,dataiku,Directed
dignetdesigns,GaryDower,Directed
Shuks_07,Shuks_07,Directed
TZhauna,skychainglobal,Directed
Meimmii,singularity_net,Directed
JamesFl3tcher,IainLJBrown,Directed
Tsundu_Mak,mjcavaretta,Directed
TapioYlitalo,wef,Directed
jacky_038,ipfconline1,Directed
kotobahanasu,kotobahanasu,Directed
wildbigboy,helene_wpli,Directed
StrategyFintech,ch4rma_net,Directed
StrategyFintech,ipfconline1,Directed
NEBuMAX Inc.,paulrayner60,Directed
DemianRT,chboursin,Directed
OTsespinoza,jamesvgingerich,Directed
OTsespinoza,jamesvgingerich,Directed
KarolynCavanah,IainLJBrown,Directed
MetiJoshi,IainLJBrown,Directed
jacky_038,JimMarous,Directed
shikha25_4,FtLauderdaleAI,Directed
arima_india,botunity,Directed
cyainz,cloudubq,Directed
marksmithvr,ventanaresearch,Directed
CarrieH3nry,IainLJBrown,Directed
arima_india,botunity,Directed
cyainz,TRUMPmag,Directed
kickibvall,brigitte_naylor,Directed
cyainz,OrganicSoMe,Directed
cyainz,DonGordon5,Directed
lesguer_lionel,Fisher85M,Directed
worldtrendsinfo,rajat_shrimal,Directed
worldtrendsinfo,TopCyberNews,Directed
WeissJorge,Katherine_Coach,Directed
worldtrendsinfo,MikeQuindazzi,Directed
LisaDMeyer,andreascaliatw,Directed
TVSNext,botunity,Directed
TVSNext,botunity,Directed
ryanriopelle,databricks,Directed
worldtrendsinfo,Ronald_vanLoon,Directed
wildbigboy,ipfconline1,Directed
wildbigboy,albertogaruccio,Directed
wildbigboy,thehackernewsu1,Directed
535783927,BullFan2016,Directed
einarify,mitsmr,Directed
tthus,dataiku,Directed
poramatepi,reach2ratan,Directed
dr_Jen_Mitchell,EricTopol,Directed
uguud,randal_olson,Directed
diabetic_li,MedGizmo,Directed
Calcaware,mitsmr,Directed
Calcaware,dataiku,Directed
javilop,deepdrinkingnet,Directed
itknowingness,pandoraskids,Directed
Calibra1970,Calibra1970,Directed
grantcopywriter,Nitish_Sharma23,Directed
77NinjasDMkt,MikeQuindazzi,Directed
SocialCoachDACH,iMariaJohnsen,Directed
KristiAlvarad0,IainLJBrown,Directed
FaustinoLo38,rajat_shrimal,Directed
Damien_CABADI,DBakerIT,Directed
larkdj1,v2soft,Directed
JohnSnowai,ipfconline1,Directed
AAlNaggar,AAlNaggar,Directed
DisruptArtist,OrganicSoMe,Directed
JohnSnowai,ch4rma_net,Directed
JohnSnowai,insurtechtalk,Directed
RickDeare,MikeQuindazzi,Directed
cremeans_john,b0tt0mWatch3r,Directed
WomenInResearch,zoedowling,Directed
tthus,KirkDBorne,Directed
DmitriiMochalo1,Crypticsup,Directed
piyuanker12,evankirstel,Directed
Applexus,carinasmessage,Directed
bdt_systems,OrganicSoMe,Directed
christian91111,MikeQuindazzi,Directed
tthus,DigiConWeek,Directed
mysecretteam,ipfconline1,Directed
mysecretteam,digitalasiahub,Directed
VPernanduz,AitheonOfficial,Directed
mysecretteam,NIRAV_88,Directed
ClearDiff,PleasureEthics,Directed
RonandBernard,rajat_shrimal,Directed
mysecretteam,constellationr,Directed
mnr_786,DBakerIT,Directed
EmmaFoxLaw,JamesTouzelTMT,Directed
FSSI_CA,iMariaJohnsen,Directed
DisruptArtist,constellationr,Directed
MiyasouMiyazaki,ryan_a_bell,Directed
yakkyosrl,McKinsey_it,Directed
Tsundu_Mak,GaryDower,Directed
IAOP,Sitel_WorldWide,Directed
christian91111,rajat_shrimal,Directed
MyriamOzon,stephan_horvath,Directed
math_theor,granvilleDSC,Directed
SusanScranton,AnnCavoukian,Directed
StrategyFintech,insurtechtalk,Directed
NVSData,sublight,Directed
DimitrisTroupo1,SpirosMargaris,Directed
Rich_Baptista,SyneosComms,Directed
christian91111,MikeQuindazzi,Directed
wildbigboy,evankirstel,Directed
jvabad,MikeQuindazzi,Directed
tech38731,MikeQuindazzi,Directed
zABRhEFZOSGZePp,skychainglobal,Directed
wildbigboy,ipfconline1,Directed
AIBizDir,JoabeGomes7,Directed
umbrellarealist,Crypticsup,Directed
OliviaNikodem,IainLJBrown,Directed
AdamsFantasy,ipfconline1,Directed
OLIDEU,globaldatamaker,Directed
thushanperera44,andi_staub,Directed
dardo82,IntelAI,Directed
Abhi_Nandann,Wimoxez,Directed
TomiDoerz,AnneHirvonen1,Directed
IanKnowlson,ipfconline1,Directed
WIOMAX_VA,wiomax,Directed
AdamsFantasy,ipfconline1,Directed
wildbigboy,Kevin_Jackson,Directed
Elise_Pclay,IoTRecruiting,Directed
RobertJMalcom,IoTRecruiting,Directed
Michael_Jacobe,IoTRecruiting,Directed
AdamsFantasy,GaryDower,Directed
DollyRayDigital,IoTRecruiting,Directed
itknowingness,IoTRecruiting,Directed
DollyRay1987,IoTRecruiting,Directed
AkanshaDigital,IoTRecruiting,Directed
SunnyRayDigital,IoTRecruiting,Directed
SocialMedia_ist,IoTRecruiting,Directed
SMDominator,IoTRecruiting,Directed
MarcoPark21,IainLJBrown,Directed
FirstLink_bdx,dataiku,Directed
Tsundu_Mak,BColwell_ALT,Directed
maya_rap,omeroymak,Directed
Mcdonaldga,EricTopol,Directed
wildbigboy,evankirstel,Directed
JonathanAVelas4,_DALECOIN,Directed
CastresanaMarta,SwissCognitive,Directed
B2BDig,MktgSciences,Directed
LolitaBisher3,kubernan,Directed
MiliotoCharles,JSaneOfficial,Directed
FabienBrodie,IainLJBrown,Directed
techtionary,aiqawards,Directed
HonrCourageComm,reprintsdesk,Directed
thushanperera44,comeinforjosh,Directed
vsinghalus,DeepLearn007,Directed
BreakiNew,vg_fco,Directed
DBaker007,ipfconline1,Directed
CADTH_ACMTS,CharlesTam,Directed
umbrellarealist,Crypticsup,Directed
jcboxymore,MikeQuindazzi,Directed
yulbiz,MTLINTL,Directed
waltque,SprkyBot #sprkyfeed AI is getting dumber https,Directed
Max_Lyashko,cloudubq,Directed
AdamsFantasy,chboursin,Directed
Finnsense,EricTopol,Directed
BuanaFrank3,IainLJBrown,Directed
AnjaHoffmann,HoffmannAnja,Directed
Julia_Lessen,VertiAI,Directed
DalithSteiger,basovertoom,Directed
sectest9,vinod1975,Directed
Tsundu_Mak,ipfconline1,Directed
CFPatrick,brigitte_naylor,Directed
ttiiggss,MedGizmo,Directed
RobynPope83,IainLJBrown,Directed
AccWalking,wiomax,Directed
SokoloffLouiza,IainLJBrown,Directed
hinelinebling,IainLJBrown,Directed
vladtarko,helene_wpli,Directed
svetkravc,AitheonOfficial,Directed
Analytics_COE,MktgSciences,Directed
AvatarNemo,IainLJBrown,Directed
brentmel,blckchaindaily,Directed
JoonErdogan,IainLJBrown,Directed
TalkJoint,singularity_net,Directed
AdamsFantasy,SaeedBaygi,Directed
entwistletx,badbabysitters,Directed
K08AE,MktgSciences,Directed
emscharf,ryan_a_bell,Directed
deusex_mac,IoTRecruiting,Directed
ThancmarFeldt,IainLJBrown,Directed
NokoQuantum,Findout_Ltd,Directed
jamesvrayiii,thinkmariya,Directed
piyuanker12,evankirstel,Directed
Twinybots,_aloknath,Directed
ninsewakishiko,Crypticsup,Directed
Tsundu_Mak,pierrepinna,Directed
piyuanker12,jblefevre60,Directed
AnInsite,MktgSciences,Directed
pmedina,Analytics_COE,Directed
KMJ1925,antgrasso,Directed
AdamsFantasy,DD_FaFa_,Directed
EtienneVdwalle,AccentureTech,Directed
Crucial_Recruit,Aware_360,Directed
AdamsFantasy,ipfconline1,Directed
MetiJoshi,IainLJBrown,Directed
tamamshud,VectorZilla,Directed
Elise_Pclay,SachinLulla,Directed
RobertJMalcom,SachinLulla,Directed
realPwarden,AnonScan,Directed
SMDominator,SachinLulla,Directed
DollyRayDigital,SachinLulla,Directed
Blockchainer91,_Peculium,Directed
AkanshaDigital,SachinLulla,Directed
CarrieH3nry,IainLJBrown,Directed
Michael_Jacobe,SachinLulla,Directed
SunnyRayDigital,SachinLulla,Directed
MarcoPark21,IainLJBrown,Directed
sararubenstein,EdTech_HigherEd,Directed
Lynne_Jean,ryan_a_bell,Directed
SocialMedia_ist,SachinLulla,Directed
DollyRay1987,SachinLulla,Directed
cryptoredneck,skychainglobal,Directed
GadflyQuebec,AnnCavoukian,Directed
poseluhadance,KeplerTek,Directed
piyuanker12,SerenovaShine,Directed
poseluhadance,KeplerTek,Directed
arnaud_delacost,Sitel_WorldWide,Directed
BenBBarrows,basovertoom,Directed
RobertJMalcom,mvasey,Directed
Elise_Pclay,mvasey,Directed
machinelearnbot,KirkDBorne,Directed
SMDominator,mvasey,Directed
itknowingness,mvasey,Directed
Michael_Jacobe,mvasey,Directed
norvel54,skychainglobal,Directed
machinelearnbot,Ronald_vanLoon,Directed
LONDONAIMCAP,jblefevre60,Directed
SocialMedia_ist,mvasey,Directed
Tsundu_Mak,TylerPaolo,Directed
ninsewakishiko,Crypticsup,Directed
greentim,StevenDilla,Directed
WechslerMallory,IainLJBrown,Directed
TaknNezihe,beyzazapsu,Directed
DollyRayDigital,mvasey,Directed
AccountingToday,appzen,Directed
ppaawwaarr,Abhi_Nandann,Directed
ALittleLiteracy,MktgSciences,Directed
SunnyRayDigital,mvasey,Directed
piyuanker12,evankirstel,Directed
AkanshaDigital,mvasey,Directed
DollyRay1987,mvasey,Directed
LONDONAIMCAP,TopCyberNews,Directed
danmark50,psb_dc,Directed
Calcaware,mvasey,Directed
piyuanker12,ipfconline1,Directed
WestsideSEO,CDWGWAGov,Directed
TopCyberNews,TopCyberNews,Directed
KristiAlvarad0,IainLJBrown,Directed
WestsideSEO,CDWGWAGov,Directed
Elise_Pclay,granvilleDSC,Directed
